285,Широківська територіальна громада,Громада,UA1206029
311,Маломихайлівська територіальна громада,Громада,UA1214013
313,Миколаївська територіальна громада,Громада,UA1214017
314,Новопавлівська територіальна громада,Громада,UA1214019
322,Слов'янська територіальна громада,Громада,UA1214035
415,м. Горлівка та Горлівська міська громада,Громада,UA1406003
412,Новоазовська міська громада,Громада,UA1410007
377,Миколаївська територіальна громада,Громада,UA1412013
379,Олександрівська територіальна громада,Громада,UA1412017
250,Сереховичівська територіальна громада,Громада,UA0706037
211,Калинівська територіальна громада,Громада,UA0512007
210,Іванівська територіальна громада,Громада,UA0512005
336,Миколаївська територіальна громада,Громада,UA1202009
338,Новоолександрівська територіальна громада,Громада,UA1202013
339,Новопокровська територіальна громада,Громада,UA1202015
343,Святовасилівська територіальна громада,Громада,UA1202023
296,Вишнівська територіальна громада,Громада,UA1204007
303,П'ятихатська територіальна громада,Громада,UA1204021
281,Нивотрудівська територіальна громада,Громада,UA1206021
381,м. Слов'янськ та Слов'янська територіальна громада,Громада,UA1412021
604,Веселівська територіальна громада,Громада,UA2308001
613,Олександрівська територіальна громада,Громада,UA2308019
615,Приазовська територіальна громада,Громада,UA2308023
618,Чкаловська територіальна громада,Громада,UA2308029
619,Якимівська територіальна громада,Громада,UA2308031
252,Старовижівська територіальна громада,Громада,UA0706041
253,Турійська територіальна громада,Громада,UA0706043
254,м. Шацьк та Шацька територіальна громада,Громада,UA0706045
217,Берестечківська територіальна громада,Громада,UA0708001
218,Боратинська територіальна громада,Громада,UA0708003
219,Городищенська територіальна громада,Громада,UA0708005
220,Горохівська територіальна громада,Громада,UA0708007
221,Доросинівська територіальна громада,Громада,UA0708009
223,Колківська територіальна громада,Громада,UA0708013
224,Копачівська територіальна громада,Громада,UA0708015
222,Ківерцівська територіальна громада,Громада,UA0708011
225,м. Луцьк та Луцька територіальна громада,Громада,UA0708017
226,Мар'янівська територіальна громада,Громада,UA0708019
228,Підгайцівська територіальна громада,Громада,UA0708023
229,Рожищенська територіальна громада,Громада,UA0708025
230,Торчинська територіальна громада,Громада,UA0708027
231,Цуманська територіальна громада,Громада,UA0708029
154,Агрономічна територіальна громада,Громада,UA0502001
156,Вороновицька територіальна громада,Громада,UA0502005
157,Гніванська територіальна громада,Громада,UA0502007
159,Липовецька територіальна громада,Громада,UA0502011
161,Лука-Мелешківська територіальна громада,Громада,UA0502015
160,Літинська територіальна громада,Громада,UA0502013
162,Немирівська територіальна громада,Громада,UA0502017
163,Оратівська територіальна громада,Громада,UA0502019
164,Погребищенська територіальна громада,Громада,UA0502021
165,Стрижавська територіальна громада,Громада,UA0502023
166,Сутисківська територіальна громада,Громада,UA0502025
167,Тиврівська територіальна громада,Громада,UA0502027
168,Турбівська територіальна громада,Громада,UA0502029
169,Якушинецька територіальна громада,Громада,UA0502031
158,Іллінецька територіальна громада,Громада,UA0502009
185,Бершадська територіальна громада,Громада,UA0504001
186,Гайсинська територіальна громада,Громада,UA0504003
187,Дашівська територіальна громада,Громада,UA0504005
188,Джулинська територіальна громада,Громада,UA0504007
189,Краснопільська територіальна громада,Громада,UA0504009
190,Кунківська територіальна громада,Громада,UA0504011
191,м. Ладижин та Ладижинська територіальна громада,Громада,UA0504013
192,Ободівська територіальна громада,Громада,UA0504015
193,Ольгопільська територіальна громада,Громада,UA0504017
194,Райгородська територіальна громада,Громада,UA0504019
195,Соболівська територіальна громада,Громада,UA0504021
196,Теплицька територіальна громада,Громада,UA0504023
197,Тростянецька територіальна громада,Громада,UA0504025
198,Чечельницька територіальна громада,Громада,UA0504027
178,Джуринська територіальна громада,Громада,UA0506003
180,Копайгородська територіальна громада,Громада,UA0506007
181,Мурафська територіальна громада,Громада,UA0506009
182,Северинівська територіальна громада,Громада,UA0506011
183,Станіславчицька територіальна громада,Громада,UA0506013
184,Шаргородська територіальна громада,Громада,UA0506015
170,Бабчинецька територіальна громада,Громада,UA0508001
171,Вендичанська територіальна громада,Громада,UA0508003
172,м. Могилів-Подільський та Могилів-Подільська територіальна громада,Громада,UA0508005
173,Мурованокуриловецька територіальна громада,Громада,UA0508007
174,Чернівецька територіальна громада,Громада,UA0508009
175,Ямпільська територіальна громада,Громада,UA0508011
176,Яришівська територіальна громада,Громада,UA0508013
32,Тульчинський район,Район,UA0510
199,Брацлавська територіальна громада,Громада,UA0510001
200,Вапнярська територіальна громада,Громада,UA0510003
34,Хмільницький район,Район,UA0512
214,Самгородоцька територіальна громада,Громада,UA0512013
215,Уланівська територіальна громада,Громада,UA0512015
216,м. Хмільник та Хмільницька територіальна громада,Громада,UA0512017
332,м. Дніпро та Дніпровська територіальна громада,Громада,UA1202001
333,Китайгородська територіальна громада,Громада,UA1202003
334,Любимівська територіальна громада,Громада,UA1202005
335,Ляшківська територіальна громада,Громада,UA1202007
337,Могилівська територіальна громада,Громада,UA1202011
340,Обухівська територіальна громада,Громада,UA1202017
341,Петриківська територіальна громада,Громада,UA1202019
342,Підгородненська територіальна громада,Громада,UA1202021
344,Слобожанська територіальна громада,Громада,UA1202025
345,Солонянська територіальна громада,Громада,UA1202027
346,Сурсько-Литовська територіальна громада,Громада,UA1202029
347,Царичанська територіальна громада,Громада,UA1202031
348,Чумаківська територіальна громада,Громада,UA1202033
293,Божедарівська територіальна громада,Громада,UA1204001
295,Верхньодніпровська територіальна громада,Громада,UA1202001
294,Верхівцівська територіальна громада,Громада,UA1204003
297,м. Вільногірськ та Вільногірська територіальна громада,Громада,UA1204009
299,Затишнянська територіальна громада,Громада,UA1204013
301,Криничанська територіальна громада,Громада,UA1204017
302,Лихівська територіальна громада,Громада,UA1204019
304,Саксаганська територіальна громада,Громада,UA1204023
271,Апостолівська територіальна громада,Громада,UA1206001
272,Вакулівська територіальна громада,Громада,UA1206003
273,Глеюватська територіальна громада,Громада,UA1206005
274,Гречаноподівська територіальна громада,Громада,UA1206007
275,Грушівська територіальна громада,Громада,UA1206009
276,Девладівська територіальна громада,Громада,UA1206011
277,Зеленодольська територіальна громада,Громада,UA1206013
278,Карпівська територіальна громада,Громада,UA1206015
280,Лозуватська територіальна громада,Громада,UA1206019
282,Новолатівська територіальна громада,Громада,UA1206023
283,Новопільська територіальна громада,Громада,UA1206025
284,Софіївська територіальна громада,Громада,UA1206027
349,м. Марганець та Марганецька територіальна громада,Громада,UA1208001
350,Мирівська територіальна громада,Громада,UA1208003
351,м. Нікополь та Нікопольська територіальна громада,Громада,UA1208005
354,м. Покров та Покровська територіальна громада,Громада,UA1208009
353,Покровська територіальна громада,Громада,UA1208009
290,м. Тернівка та Тернівська територіальна громада,Громада,UA1212009
291,Троїцька територіальна громада,Громада,UA1212011
324,Губиниська територіальна громада,Громада,UA1210001
325,Личківська територіальна громада,Громада,UA1210003
326,Магдалинівська територіальна громада,Громада,UA1210005
328,Перещепинська територіальна громада,Громада,UA1210009
329,Піщанська територіальна громада,Громада,UA1210011
327,м. Самар та Самарівська територіальна громада,Громада,UA0706035
330,Черкаська територіальна громада,Громада,UA1210013
331,Чернеччинська територіальна громада,Громада,UA1210015
305,Брагинівська територіальна громада,Громада,UA1214001
306,Васильківська територіальна громада,Громада,UA1214003
307,Великомихайлівська територіальна громада,Громада,UA1214005
308,Дубовиківська територіальна громада,Громада,UA1214007
309,Зайцівська територіальна громада,Громада,UA1214009
312,Межівська територіальна громада,Громада,UA1214015
316,Петропавлівська територіальна громада,Громада,UA0702017
317,Покровська територіальна громада,Громада,UA1208009
319,Роздорська територіальна громада,Громада,UA1214029
320,м. Синельникове та Синельниківська територіальна громада,Громада,UA1214031
321,Славгородська територіальна громада,Громада,UA1214033
323,Українська територіальна громада,Громада,UA1214037
383,Бахмутська територіальна громада,Громада,UA1402001
384,Званівська територіальна громада,Громада,UA1402003
385,Світлодарська територіальна громада,Громада,UA1402005
387,Соледарська територіальна громада,Громада,UA1402009
388,Торецька територіальна громада,Громада,UA1402011
389,Часовоярська територіальна громада,Громада,UA1402013
390,Великоновосілківська територіальна громада,Громада,UA1404001
391,Волноваська територіальна громада,Громада,UA1404003
392,Вугледарська територіальна громада,Громада,UA1404005
393,Комарська територіальна громада,Громада,UA1404007
394,Мирненська територіальна громада,Громада,UA1404009
395,Ольгинська територіальна громада,Громада,UA1404011
396,Старомлинівська територіальна громада,Громада,UA1404013
397,Хлібодарівська територіальна громада,Громада,UA1404015
414,Вуглегірська міська громада,Громада,UA1406001
416,Дебальцівська міська громада,Громада,UA1406005
418,Жданівська міська громада,Громада,UA0512003
419,Сніжнянська міська громада,Громада,UA1406011
420,Хрестівська міська громада,Громада,UA1406013
421,Чистяківська міська громада,Громада,UA1406015
422,Шахтарська міська громада,Громада,UA1406017
417,м. Єнакієве та Єнакієвська міська громада,Громада,UA1406007
403,Амвросіївська міська громада,Громада,UA1408001
404,Донецька міська громада,Громада,UA1408003
406,м. Макіївка та Макіївська міська громада,Громада,UA1408007
407,Харцизьк міська громада,Громада,UA1408009
408,Ясинуватська міська громада,Громада,UA1408011
405,Іловайська міська громада,Громада,UA1408005
409,Бойківська селищна громада,Громада,UA1410001
410,Докучаєвська міська громада,Громада,UA1410003
411,Кальміуська міська громада,Громада,UA1410005
375,м. Краматорськ та Краматорська територіальна громада,Громада,UA1412009
378,Новодонецька територіальна громада,Громада,UA1408003
380,Святогірська територіальна громада,Громада,UA1412019
382,Черкаська територіальна громада,Громада,UA1210013
373,Іллінівська територіальна громада,Громада,UA1412005
398,Кальчицька територіальна громада,Громада,UA1414001
399,Мангушська територіальна громада,Громада,UA1414003
400,м. Маріуполь та Маріупольська територіальна громада,Громада,UA1414005
402,Сартанська територіальна громада,Громада,UA1414009
357,Авдіївська територіальна громада,Громада,UA1416001
358,Білозерська територіальна громада,Громада,UA1416003
359,Гродівська територіальна громада,Громада,UA1416005
360,Добропільська територіальна громада,Громада,UA1416007
361,Криворізька територіальна громада,Громада,UA1206017
362,Курахівська територіальна громада,Громада,UA1416011
363,Мар'їнська територіальна громада,Громада,UA1416013
364,Мирноградська територіальна громада,Громада,UA1416015
365,Новогродівська територіальна громада,Громада,UA1416005
366,Очеретинська територіальна громада,Громада,UA1416019
367,Покровська територіальна громада,Громада,UA1208009
368,Селидівська територіальна громада,Громада,UA1416023
369,Удачненська територіальна громада,Громада,UA1416025
370,Шахівська територіальна громада,Громада,UA1416027
423,Андрушівська територіальна громада,Громада,UA1802001
424,м. Бердичів та Бердичівська територіальна громада,Громада,UA1802003
425,Вчорайшенська територіальна громада,Громада,UA1802005
426,Гришковецька територіальна громада,Громада,UA1802007
427,Краснопільська територіальна громада,Громада,UA0504009
428,Райгородська територіальна громада,Громада,UA0504019
429,Ружинська територіальна громада,Громада,UA1802013
430,Семенівська територіальна громада,Громада,UA1802015
431,Червоненська територіальна громада,Громада,UA1802017
432,Швайківська територіальна громада,Громада,UA1802019
433,Андрушківська територіальна громада,Громада,UA1804001
434,Березівська територіальна громада,Громада,UA1804003
435,Брусилівська територіальна громада,Громада,UA1804005
436,Високівська територіальна громада,Громада,UA1804007
437,Вишевицька територіальна громада,Громада,UA1804009
438,Вільшанська територіальна громада,Громада,UA1804011
440,Глибочицька територіальна громада,Громада,UA1804015
441,Городоцька територіальна громада,Громада,UA1804017
442,м. Житомир та Житомирська територіальна громада,Громада,UA1804019
444,Корнинська територіальна громада,Громада,UA1804023
445,Коростишівська територіальна громада,Громада,UA1804025
446,Курненська територіальна громада,Громада,UA1804027
447,Любарська територіальна громада,Громада,UA0506001
448,Миропільська територіальна громада,Громада,UA1804031
449,Новоборівська територіальна громада,Громада,UA1804033
450,Новогуйвинська територіальна громада,Громада,UA1804035
451,Оліївська територіальна громада,Громада,UA1804037
452,Попільнянська територіальна громада,Громада,UA1804039
453,Потіївська територіальна громада,Громада,UA1804041
454,Пулинська територіальна громада,Громада,UA1804043
455,Радомишльська територіальна громада,Громада,UA1804045
456,Романівська територіальна громада,Громада,UA1804047
457,Станишівська територіальна громада,Громада,UA1804049
458,Старосілецька територіальна громада,Громада,UA1804051
459,Тетерівська територіальна громада,Громада,UA1804053
460,Харитонівська територіальна громада,Громада,UA1804055
461,Хорошівська територіальна громада,Громада,UA1804057
462,Черняхівська територіальна громада,Громада,UA1804059
463,Чуднівська територіальна громада,Громада,UA1804061
464,Баранівська територіальна громада,Громада,UA1808001
465,Барашівська територіальна громада,Громада,UA1808003
466,Брониківська територіальна громада,Громада,UA1808005
467,Городницька територіальна громада,Громада,UA1808007
468,Довбиська територіальна громада,Громада,UA1808009
469,Дубрівська територіальна громада,Громада,UA1808011
471,м. Звягель та Звягельська територіальна громада,Громада,UA1808015
472,Піщівська територіальна громада,Громада,UA1808017
473,Стриївська територіальна громада,Громада,UA1808019
474,Чижівська територіальна громада,Громада,UA1808021
470,Ємільчинська територіальна громада,Громада,UA1808013
476,Білокоровицька територіальна громада,Громада,UA1806001
477,Гладковицька територіальна громада,Громада,UA1806003
478,Горщиківська територіальна громада,Громада,UA1806005
480,м. Коростень та Коростенська територіальна громада,Громада,UA1806009
481,Лугинська територіальна громада,Громада,UA1806011
483,Народицька територіальна громада,Громада,UA1806015
486,Словечанська територіальна громада,Громада,UA1806021
487,Ушомирська територіальна громада,Громада,UA1806023
488,Чоповицька територіальна громада,Громада,UA1806025
479,Іршанська територіальна громада,Громада,UA1806007
503,Батівська територіальна громада,Громада,UA2102001
505,Великоберезька територіальна громада,Громада,UA2102005
506,Великобийганська територіальна громада,Громада,UA2102007
508,м. Виноградів та Виноградівська територіальна громада,Громада,UA2102011
509,Кам'янська територіальна громада,Громада,UA1204015
510,Королівська територіальна громада,Громада,UA2102015
511,Косоньська територіальна громада,Громада,UA2102017
512,Пийтерфолвівська територіальна громада,Громада,UA2102019
540,Великолучківська територіальна громада,Громада,UA2104001
541,Верхньокоропецька територіальна громада,Громада,UA2104003
542,Воловецька територіальна громада,Громада,UA2104005
543,Горондівська територіальна громада,Громада,UA2104007
58,Коростенський район,Район,UA1806
544,Жденіївська територіальна громада,Громада,UA2104009
546,Кольчинська територіальна громада,Громада,UA2104013
548,Неліпинська територіальна громада,Громада,UA2104017
549,Нижньоворітська територіальна громада,Громада,UA2104019
550,Полянська територіальна громада,Громада,UA2104021
551,Свалявська територіальна громада,Громада,UA2104023
552,Чинадіївська територіальна громада,Громада,UA2104025
545,Івановецька територіальна громада,Громада,UA2104011
536,Богданська територіальна громада,Громада,UA2106001
537,Великобичківська територіальна громада,Громада,UA2106003
539,Ясінянська територіальна громада,Громада,UA2106007
64,Тячівський район,Район,UA2108
513,Бедевлянська територіальна громада,Громада,UA2108001
514,Буштинська територіальна громада,Громада,UA2108003
515,Вільховецька територіальна громада,Громада,UA2108005
516,Дубівська територіальна громада,Громада,UA0706013
517,Нересницька територіальна громада,Громада,UA2108009
518,Солотвинська територіальна громада,Громада,UA2108011
519,Тересвянська територіальна громада,Громада,UA2108013
521,Углянська територіальна громада,Громада,UA2108017
522,Усть-Чорнянська територіальна громада,Громада,UA2108019
489,Баранинська територіальна громада,Громада,UA2110001
490,Великоберезнянська територіальна громада,Громада,UA2110003
491,Великодобронська територіальна громада,Громада,UA2110005
492,Дубриницько-Малоберезня територіальна громада,Громада,UA2110007
493,Костринська територіальна громада,Громада,UA2110009
494,Оноківська територіальна громада,Громада,UA2110011
495,Перечинська територіальна громада,Громада,UA2110013
496,Середнянська територіальна громада,Громада,UA2110015
497,Ставненська територіальна громада,Громада,UA2110017
498,Сюртівська територіальна громада,Громада,UA2110019
499,Тур'є-Реметівська територіальна громада,Громада,UA2110021
500,м. Ужгород та Ужгородська територіальна громада,Громада,UA2110023
501,Холмківська територіальна громада,Громада,UA2110025
523,Білківська територіальна громада,Громада,UA2112001
524,Вишківська територіальна громада,Громада,UA2112003
525,Горінчівська територіальна громада,Громада,UA2112005
526,Довжанська територіальна громада,Громада,UA2112007
527,Драгівська територіальна громада,Громада,UA2112009
528,Зарічанська територіальна громада,Громада,UA2112011
530,Керецьківська територіальна громада,Громада,UA2112015
531,Колочавська територіальна громада,Громада,UA2112017
533,Пилипецька територіальна громада,Громада,UA2112021
534,Синевирська територіальна громада,Громада,UA2112023
553,Андрівська територіальна громада,Громада,UA2302001
554,Андріївська територіальна громада,Громада,UA1412001
556,Берестівська територіальна громада,Громада,UA2302007
557,Коларівська територіальна громада,Громада,UA2302009
558,Осипенківська територіальна громада,Громада,UA2302011
559,Приморська територіальна громада,Громада,UA2302013
560,Чернігівська територіальна громада,Громада,UA2302015
593,Благовіщенська територіальна громада,Громада,UA2304001
594,Василівська територіальна громада,Громада,UA2304003
595,Великобілозерська територіальна громада,Громада,UA1416003
597,Дніпрорудненська територіальна громада,Громада,UA2304009
598,м. Енергодар та Енергодарська територіальна громада,Громада,UA2304011
599,Кам'янсько-Дніпровська територіальна громада,Громада,UA1202001
600,Малобілозерська територіальна громада,Громада,UA1416003
601,Михайлівська територіальна громада,Громада,UA2304017
602,Роздольська територіальна громада,Громада,UA2304019
603,Степногірська територіальна громада,Громада,UA2304021
561,Біленьківська територіальна громада,Громада,UA2306001
562,Вільнянська територіальна громада,Громада,UA2306003
563,Долинська територіальна громада,Громада,UA2306005
564,м. Запоріжжя та Запорізька територіальна громада,Громада,UA2306007
565,Комишуваська територіальна громада,Громада,UA2306009
566,Кушугумська територіальна громада,Громада,UA2306011
567,Матвіївська територіальна громада,Громада,UA2306013
569,Михайло-Лукашівська територіальна громада,Громада,UA2306017
568,Михайлівська територіальна громада,Громада,UA2306015
574,Степненська територіальна громада,Громада,UA2306027
575,Таврійська територіальна громада,Громада,UA2306029
576,Тернуватська територіальна громада,Громада,UA2306031
577,Широківська територіальна громада,Громада,UA1206029
605,Кирилівська територіальна громада,Громада,UA2308003
606,Костянтинівська територіальна громада,Громада,UA1412007
607,м. Мелітополь та Мелітопольська територіальна громада,Громада,UA2308007
608,Мирненська територіальна громада,Громада,UA1404009
609,Новенська територіальна громада,Громада,UA2308011
610,Новобогданівська територіальна громада,Громада,UA1212001
611,Нововасилівська територіальна громада,Громада,UA2308015
612,Новоуспенівська територіальна громада,Громада,UA2308017
616,Семенівська територіальна громада,Громада,UA1802015
617,Терпіннівська територіальна громада,Громада,UA2308027
578,Більмацька територіальна громада,Громада,UA2310001
579,Воздвижівська територіальна громада,Громада,UA2310003
580,Воскресенська територіальна громада,Громада,UA2310005
581,Гуляйпільська територіальна громада,Громада,UA2310007
582,Комиш-Зорянська територіальна громада,Громада,UA2310009
583,Малинівська територіальна громада,Громада,UA2310011
584,Малотокмачанська територіальна громада,Громада,UA2310013
585,Молочанська територіальна громада,Громада,UA2310015
586,Оріхівська територіальна громада,Громада,UA2310017
587,Пологівська територіальна громада,Громада,UA2310019
588,Преображенська територіальна громада,Громада,UA2310021
589,Розівська територіальна громада,Громада,UA2310023
590,Смирновська територіальна громада,Громада,UA2310025
592,Федорівська територіальна громада,Громада,UA2310029
733,м. Бориспіль та Бориспільська територіальна громада,Громада,UA3204001
734,Вороньківська територіальна громада,Громада,UA3204003
736,Дівичківська територіальна громада,Громада,UA3204007
737,Золочівська територіальна громада,Громада,UA3204009
738,м. Переяслав та Переяславська територіальна громада,Громада,UA3204011
739,Пристолична територіальна громада,Громада,UA3204013
741,Ташанська територіальна громада,Громада,UA3204017
742,Циблівська територіальна громада,Громада,UA3204019
743,Яготинська територіальна громада,Громада,UA3204021
682,Баришівська територіальна громада,Громада,UA3206001
683,м. Березань та Березанська територіальна громада,Громада,UA3206003
685,Великодимерська територіальна громада,Громада,UA3206007
686,Зазимська територіальна громада,Громада,UA3206009
687,Згурівська територіальна громада,Громада,UA3206011
688,Калинівська територіальна громада,Громада,UA3206013
689,Калитянська територіальна громада,Громада,UA3206015
700,Бородянська територіальна громада,Громада,UA3208003
701,Борщагівська територіальна громада,Громада,UA3208005
699,Білогородська територіальна громада,Громада,UA3208001
703,Вишнева територіальна громада,Громада,UA3208009
704,Гостомелська територіальна громада,Громада,UA3208011
705,Дмитрівська територіальна громада,Громада,UA3208013
707,Коцюбинська територіальна громада,Громада,UA3208017
708,Макарівська територіальна громада,Громада,UA3208019
792,Мар’янівська територіальна громада,Громада,UA3506011
709,Немішаївська територіальна громада,Громада,UA3208021
710,Пісківська територіальна громада,Громада,UA3208023
711,м. Біла Церква та Білоцерківська територіальна громада,Громада,UA3202001
712,Володарська територіальна громада,Громада,UA3202003
713,Гребінківська територіальна громада,Громада,UA3202005
714,Ковалівська територіальна громада,Громада,UA3202007
715,Маловільшанська територіальна громада,Громада,UA1804011
716,Медвинська територіальна громада,Громада,UA3202011
717,Рокитнянська територіальна громада,Громада,UA3202013
718,Сквирська територіальна громада,Громада,UA3202015
719,Ставищенська територіальна громада,Громада,UA3202017
720,Таращанська територіальна громада,Громада,UA3202019
721,Тетіївська територіальна громада,Громада,UA3202021
723,Фурсівська територіальна громада,Громада,UA3202025
744,Вишгородська територіальна громада,Громада,UA3210001
745,Димерська територіальна громада,Громада,UA3210003
747,Петрівська територіальна громада,Громада,UA3210007
748,Пірнівська територіальна громада,Громада,UA3210009
750,м. Славутич та Славутицька територіальна громада,Громада,UA3210013
746,Іванківська територіальна громада,Громада,UA3210005
724,Богуславська територіальна громада,Громада,UA3212001
725,м. Васильків та Васильківська територіальна громада,Громада,UA1214003
726,Кагарлицька територіальна громада,Громада,UA3212005
727,Козинська територіальна громада,Громада,UA3212007
728,Миронівська територіальна громада,Громада,UA3212009
731,Українська територіальна громада,Громада,UA1214037
732,Феодосіївська територіальна громада,Громада,UA3212017
690,Бишівська територіальна громада,Громада,UA3214001
692,Гатненська територіальна громада,Громада,UA3214005
693,Глевахівська територіальна громада,Громада,UA3214007
694,Калинівська територіальна громада,Громада,UA3214009
695,Кожанська територіальна громада,Громада,UA3214011
696,Томашівська територіальна громада,Громада,UA3214013
698,Чабанівська територіальна громада,Громада,UA3214017
82,Голованівський район,Район,UA3502
768,Благовіщенська територіальна громада,Громада,UA2304001
769,Вільшанська територіальна громада,Громада,UA1804011
770,Гайворонська територіальна громада,Громада,UA3502005
771,Голованівська територіальна громада,Громада,UA3502007
772,Заваллівська територіальна громада,Громада,UA3502009
773,Надлацька територіальна громада,Громада,UA3502011
774,Новоархангельська територіальна громада,Громада,UA3502013
775,Перегонівська територіальна громада,Громада,UA3502015
777,Побузька територіальна громада,Громада,UA3502019
776,Підвисоцька територіальна громада,Громада,UA3502017
81,Кропивницький район,Район,UA3504
751,Аджамська територіальна громада,Громада,UA3504001
752,Бобринецька територіальна громада,Громада,UA3504003
753,Великосеверинівська територіальна громада,Громада,UA0506011
754,Гурівська територіальна громада,Громада,UA3504007
755,Дмитрівська територіальна громада,Громада,UA3504009
756,Долинська територіальна громада,Громада,UA2306005
757,м. Знам'янка та Знам’янська територіальна громада,Громада,UA3504013
758,Катеринівська територіальна громада,Громада,UA3504015
759,Кетрисанівська територіальна громада,Громада,UA3504017
760,Компаніївська територіальна громада,Громада,UA3504019
761,м. Кропивницький та Кропивницька територіальна громада,Громада,UA3504021
762,Новгородківська територіальна громада,Громада,UA0510005
763,Олександрівська територіальна громада,Громада,UA3504025
764,Первозванівська територіальна громада,Громада,UA1402003
765,Соколівська територіальна громада,Громада,UA3504029
766,Суботцівська територіальна громада,Громада,UA3504031
767,Устинівська територіальна громада,Громада,UA3504033
787,Ганнівська територіальна громада,Громада,UA3506001
788,Глодоська територіальна громада,Громада,UA3506003
789,Добровеличківська територіальна громада,Громада,UA1210003
791,Маловисківська територіальна громада,Громада,UA3506009
793,Новомиргородська територіальна громада,Громада,UA3506013
794,Новоукраїнська територіальна громада,Громада,UA1214037
796,Помічнянська територіальна громада,Громада,UA3506019
795,Піщанобрідська територіальна громада,Громада,UA3506017
797,Рівнянська територіальна громада,Громада,UA3506021
798,Смолінська територіальна громада,Громада,UA3506023
799,Тишківська територіальна громада,Громада,UA3506025
778,Великоандрусівська територіальна громада,Громада,UA3508001
779,Новопразька територіальна громада,Громада,UA3508003
780,м. Олександрія та Олександрійська територіальна громада,Громада,UA3508005
781,Онуфріївська територіальна громада,Громада,UA3508007
782,Пантаївська територіальна громада,Громада,UA3508009
783,Петрівська територіальна громада,Громада,UA3508011
784,Попельнастівська територіальна громада,Громада,UA3508013
785,Приютівська територіальна громада,Громада,UA3508015
786,м. Світловодськ та Світловодська територіальна громада,Громада,UA3508017
1911,м. Зимогір'я та Зимогір'ївська територіальна громада,Громада,UA4402003
1905,м. Сорокине та Сорокинська територіальна громада,Громада,UA4404003
1910,м. Лутугине та Лутугинська територіальна громада,Громада,UA4406003
1902,м. Антрацит та Антрацитівська територіальна громада,Громада,UA4408001
1907,м. Ровеньки та Ровеньківська територіальна громада,Громада,UA4408003
1906,м. Хрустальний та Хрустальненська територіальна громада,Громада,UA4408005
808,Білокуракинська територіальна громада,Громада,UA4410001
809,Коломийчиська територіальна громада,Громада,UA4410003
810,Красноріченська територіальна громада,Громада,UA4410005
811,Лозно-Олександрівська територіальна громада,Громада,UA4410007
812,Нижньодуванська територіальна громада,Громада,UA4410009
813,Сватівська територіальна громада,Громада,UA4410011
814,Троїцька територіальна громада,Громада,UA1212011
800,Біловодська територіальна громада,Громада,UA4414001
801,Білолуцька територіальна громада,Громада,UA0708017
802,Марківська територіальна громада,Громада,UA4414005
803,Міловська територіальна громада,Громада,UA4414007
805,Старобільська територіальна громада,Громада,UA4414011
806,Чмирівська територіальна громада,Громада,UA1208003
807,Шульгинська територіальна громада,Громада,UA4414015
817,м. Лисичанськ та Лисичанська територіальна громада,Громада,UA4412005
818,Попаснянська територіальна громада,Громада,UA4412007
819,м. Рубіжне та Рубіжанська територіальна громада,Громада,UA4412009
820,м. Сіверськодонецьк та Сіверськодонецька територіальна громада,Громада,UA1408003
87,Щастинський район,Район,UA4416
821,Нижньотеплівська територіальна громада,Громада,UA4416001
822,Новоайдарська територіальна громада,Громада,UA4414009
823,Станично-Луганська територіальна громада,Громада,UA4416005
824,Широківська територіальна громада,Громада,UA4416007
825,Щастинська територіальна громада,Громада,UA4416009
867,м. Борислав та Бориславська територіальна громада,Громада,UA4602001
868,м. Дрогобич та Дрогобицька територіальна громада,Громада,UA4602003
869,Меденицька територіальна громада,Громада,UA4602005
870,Східницька територіальна громада,Громада,UA4602007
871,м. Трускавець та Трускавецька територіальна громада,Громада,UA4602009
872,Бродівська територіальна громада,Громада,UA4604001
906,Синюхинобрідська територіальна громада,Громада,UA4808015
988,Знам’янська територіальна громада,Громада,UA3504013
1803,Алчевський район,Район,UA4402
874,Заболотцівська територіальна громада,Громада,UA4604005
875,Золочівська територіальна громада,Громада,UA3204009
876,Красненська територіальна громада,Громада,UA4604009
878,Поморянська територіальна громада,Громада,UA4604013
877,Підкамінська територіальна громада,Громада,UA4604011
834,Великолюбінська територіальна громада,Громада,UA4606003
835,Глинянська територіальна громада,Громада,UA4606005
836,Городоцька територіальна громада,Громада,UA1804017
837,Давидівська територіальна громада,Громада,UA4606009
838,Добросинсько-Магерівська територіальна громада,Громада,UA4606011
839,Жовківська територіальна громада,Громада,UA4606013
840,Жовтанецька територіальна громада,Громада,UA4606015
841,Зимноводівська територіальна громада,Громада,UA4606017
842,Кам’янка-Бузька територіальна громада,Громада,UA4804003
843,Комарнівська територіальна громада,Громада,UA4606021
844,Куликівська територіальна громада,Громада,UA4606023
846,Мурованська територіальна громада,Громада,UA4606027
847,Новояричівська територіальна громада,Громада,UA4606029
848,Оброшинська територіальна громада,Громада,UA4606031
849,Перемишлянська територіальна громада,Громада,UA4606033
851,Пустомитівська територіальна громада,Громада,UA4606037
850,Підберізцівська територіальна громада,Громада,UA4606035
852,Рава-Руська територіальна громада,Громада,UA4606039
853,Сокільницька територіальна громада,Громада,UA4606041
854,Солонківська територіальна громада,Громада,UA4606043
857,Боринська територіальна громада,Громада,UA4608003
856,Бісковицька територіальна громада,Громада,UA4608001
858,Добромильська територіальна громада,Громада,UA4608005
859,Новокалинівська територіальна громада,Громада,UA4608007
860,Ралівська територіальна громада,Громада,UA4608009
861,Рудківська територіальна громада,Громада,UA4608011
863,Старосамбірська територіальна громада,Громада,UA4608013
864,Стрілківська територіальна громада,Громада,UA4608017
865,Турківська територіальна громада,Громада,UA4608019
866,Хирівська територіальна громада,Громада,UA4608021
879,Гніздичівська територіальна громада,Громада,UA4610001
880,Грабовецько-Дулібівська територіальна громада,Громада,UA4610003
881,Жидачівська територіальна громада,Громада,UA4610005
882,Журавненська територіальна громада,Громада,UA4610007
883,Козівська територіальна громада,Громада,UA4610009
884,Миколаївська територіальна громада,Громада,UA5908013
886,м. Новий Розділ та Новороздільська територіальна громада,Громада,UA4610015
887,Розвадівська територіальна громада,Громада,UA4610017
888,Сколівська територіальна громада,Громада,UA4610019
889,Славська територіальна громада,Громада,UA4610021
890,м. Стрий та Стрийська територіальна громада,Громада,UA4610023
891,Тростянецька територіальна громада,Громада,UA0504025
892,Ходорівська територіальна громада,Громада,UA4610027
827,Великомостівська територіальна громада,Громада,UA4612003
828,Добротвірська територіальна громада,Громада,UA4612005
829,Лопатинська територіальна громада,Громада,UA4612007
830,Радехівська територіальна громада,Громада,UA4612009
831,Сокальська територіальна громада,Громада,UA4612011
894,Мостиська територіальна громада,Громада,UA4614003
895,Новояворівськ територіальна громада,Громада,UA4614005
896,Судововишнянська територіальна громада,Громада,UA4614007
897,Шегинівська територіальна громада,Громада,UA4614009
898,Яворівська територіальна громада,Громада,UA4614011
893,Івано-Франківська територіальна громада,Громада,UA2604019
908,Березнегуватська територіальна громада,Громада,UA4802003
910,Володимирівська територіальна громада,Громада,UA1208003
909,Вільнозапорізька територіальна громада,Громада,UA2306007
911,Горохівська територіальна громада,Громада,UA0708007
913,Казанківська територіальна громада,Громада,UA4802013
914,Новобузька територіальна громада,Громада,UA4804003
915,Привільненська територіальна громада,Громада,UA4802017
916,м. Снігурівка та Снігурівська територіальна громада,Громада,UA3504007
917,Софіївська територіальна громада,Громада,UA1206027
918,Широківська територіальна громада,Громада,UA4802023
912,Інгульська територіальна громада,Громада,UA4802011
940,Веселинівська територіальна громада,Громада,UA4804005
941,м. Вознесенськ та Вознесенська територіальна громада,Громада,UA4804007
942,Доманівська територіальна громада,Громада,UA4804009
943,Дорошівська територіальна громада,Громада,UA4804011
945,Мостівська територіальна громада,Громада,UA4804015
946,Новомар'ївська територіальна громада,Громада,UA4804017
947,Олександрівська територіальна громада,Громада,UA4804019
948,Прибужанівська територіальна громада,Громада,UA4804021
949,Прибузька територіальна громада,Громада,UA4804003
944,Єланецька територіальна громада,Громада,UA4804013
919,Березанська територіальна громада,Громада,UA3206003
920,Веснянська територіальна громада,Громада,UA4806003
921,Воскресенська територіальна громада,Громада,UA2310005
922,Галицинівська територіальна громада,Громада,UA4806007
923,Коблівська територіальна громада,Громада,UA4806009
924,Костянтинівська територіальна громада,Громада,UA1412007
925,Куцурубська територіальна громада,Громада,UA4806013
926,м. Миколаїв та Миколаївська територіальна громада,Громада,UA4806015
927,Мішково-Погорілівська територіальна громада,Громада,UA4806017
928,Нечаянська територіальна громада,Громада,UA4806019
930,Ольшанська територіальна громада,Громада,UA4806023
931,м. Очаків та Очаківська територіальна громада,Громада,UA4806025
932,Первомайська територіальна громада,Громада,UA4806027
933,Радсадівська територіальна громада,Громада,UA4806029
934,Степівська територіальна громада,Громада,UA4806031
935,Сухоєланецька територіальна громада,Громада,UA4804013
936,Чорноморська територіальна громада,Громада,UA4806035
937,Шевченківська територіальна громада,Громада,UA4806037
97,Первомайський район,Район,UA4808
899,Арбузинська територіальна громада,Громада,UA3202023
900,Благодатненська територіальна громада,Громада,UA4808003
901,Врадіївська територіальна громада,Громада,UA4808005
902,Кам'яномостівська територіальна громада,Громада,UA4804015
903,Кривоозерська територіальна громада,Громада,UA4808009
904,Мигіївська територіальна громада,Громада,UA4808011
905,м. Первомайськ та Первомайська територіальна громада,Громада,UA4808013
986,Березівська територіальна громада,Громада,UA5102003
987,Великобуялицька територіальна громада,Громада,UA5102005
990,Коноплянська територіальна громада,Громада,UA5102011
991,Курісовська територіальна громада,Громада,UA5102013
992,Миколаївська територіальна громада,Громада,UA5102015
993,Новокальчевська територіальна громада,Громада,UA5102017
994,Петровірівська територіальна громада,Громада,UA5102019
995,Раухівська територіальна громада,Громада,UA5102021
996,Розквітівська територіальна громада,Громада,UA5102023
997,Старомаяківська територіальна громада,Громада,UA5102025
998,Стрюківська територіальна громада,Громада,UA5102027
999,Чогодарівська територіальна громада,Громада,UA5102029
1000,Ширяївська територіальна громада,Громада,UA5102031
989,Іванівська територіальна громада,Громада,UA5102009
1002,Болградська територіальна громада,Громада,UA5106003
1004,Василівська територіальна громада,Громада,UA5106007
1005,Городненська територіальна громада,Громада,UA5106009
1007,Кубейська територіальна громада,Громада,UA5106013
1008,Павлівська територіальна громада,Громада,UA0702017
1010,Теплицька територіальна громада,Громада,UA0504023
1011,м. Білгород-Дністровський та Білгород-Дністровська територіальна громада,Громада,UA5104001
1012,Дивізійська територіальна громада,Громада,UA5104003
1013,Кароліно-Бугазька територіальна громада,Громада,UA5104005
1014,Кулевчанська територіальна громада,Громада,UA5104007
1015,Лиманська територіальна громада,Громада,UA1412011
1016,Маразліївська територіальна громада,Громада,UA5104011
1017,Мологівська територіальна громада,Громада,UA5104013
1018,Петропавлівська територіальна громада,Громада,UA0702017
1019,Плахтіївська територіальна громада,Громада,UA5104017
1020,Саратська територіальна громада,Громада,UA5104019
1021,Сергіївська територіальна громада,Громада,UA5306031
1022,Старокозацька територіальна громада,Громада,UA5104023
1023,Татарбунарська територіальна громада,Громада,UA5104025
1024,Тузлівська територіальна громада,Громада,UA5104027
1025,Успенівська територіальна громада,Громада,UA5104029
1026,Шабівська територіальна громада,Громада,UA5104031
951,Авангардівська територіальна громада,Громада,UA5110001
952,Біляївська територіальна громада,Громада,UA5110003
953,Великодальницька територіальна громада,Громада,UA5110005
954,Великодолинська територіальна громада,Громада,UA2306005
955,Вигодянська територіальна громада,Громада,UA5110009
956,Визирська територіальна громада,Громада,UA5110011
957,Дальницька територіальна громада,Громада,UA5110013
958,Дачненська територіальна громада,Громада,UA5110015
959,Доброславська територіальна громада,Громада,UA4610021
960,Красносільська територіальна громада,Громада,UA5110019
961,Маяківська територіальна громада,Громада,UA5110021
962,Нерубайська територіальна громада,Громада,UA5110023
963,Овідіопольська територіальна громада,Громада,UA5110025
964,м. Одеса та Одеська територіальна громада,Громада,UA5110027
971,м. Південне та Південна територіальна громада,Громада,UA6312019
965,Таїровська територіальна громада,Громада,UA5110029
966,Теплодарська територіальна громада,Громада,UA5110031
967,Усатівська територіальна громада,Громада,UA5110033
968,Фонтанська територіальна громада,Громада,UA5110035
969,м. Чорноморськ та Чорноморська територіальна громада,Громада,UA5110039
970,Чорноморська територіальна громада,Громада,UA5110039
972,Яськівська територіальна громада,Громада,UA5110043
973,Ананьївська територіальна громада,Громада,UA5112001
975,Долинська територіальна громада,Громада,UA2306005
976,Зеленогірська територіальна громада,Громада,UA5112007
977,Кодимська територіальна громада,Громада,UA5112009
978,Куяльницька територіальна громада,Громада,UA5112011
979,Любашівська територіальна громада,Громада,UA5112013
980,Окнянська територіальна громада,Громада,UA5112015
982,Подільська територіальна громада,Громада,UA5112019
981,Піщанська територіальна громада,Громада,UA1210011
983,Савранська територіальна громада,Громада,UA5112021
984,Слобідська територіальна громада,Громада,UA5112023
1027,Великомихайлівська територіальна громада,Громада,UA5114001
1028,Великоплосківська територіальна громада,Громада,UA5114003
1029,Затишанська територіальна громада,Громада,UA5114005
1030,Захарівська територіальна громада,Громада,UA5114007
1031,Лиманська територіальна громада,Громада,UA1412011
1032,Новоборисівська територіальна громада,Громада,UA5114011
1033,Роздільнянська територіальна громада,Громада,UA5114013
1034,Степанівська територіальна громада,Громада,UA5114015
1035,Цебриківська територіальна громада,Громада,UA5114017
1036,Вилківська територіальна громада,Громада,UA5108001
1038,Кілійська територіальна громада,Громада,UA5108005
1039,Ренійська територіальна громада,Громада,UA5108007
1040,Саф'янівська територіальна громада,Громада,UA5108009
1041,Суворовська територіальна громада,Громада,UA5108011
1037,м. Ізмаїл та Ізмаїльська територіальна громада,Громада,UA5108003
1083,Глобинська територіальна громада,Громада,UA5302001
1084,м. Горішні плавні та Горішньоплавнівська територіальна громада,Громада,UA5302003
1086,Кам'янопотоківська територіальна громада,Громада,UA5302007
1087,Козельщинська територіальна громада,Громада,UA5302009
1088,м. Кременчук та Кременчуцька територіальна громада,Громада,UA5302011
1089,Новогалещинська територіальна громада,Громада,UA5302013
1090,Оболонська територіальна громада,Громада,UA5302015
1091,Омельницька територіальна громада,Громада,UA5302017
1093,Пришибська територіальна громада,Громада,UA5302021
1092,Піщанська територіальна громада,Громада,UA1210011
1094,Семенівська територіальна громада,Громада,UA1802015
1095,Гребінківська територіальна громада,Громада,UA3202005
1097,Новооржицька територіальна громада,Громада,UA5304005
1099,м. Пирятин та Пирятинська територіальна громада,Громада,UA5304009
1100,Хорольська територіальна громада,Громада,UA5304011
1101,Чорнухинська територіальна громада,Громада,UA5304013
1066,Білоцерківська територіальна громада,Громада,UA3202001
1067,Великобагачанська територіальна громада,Громада,UA5306003
1068,Великобудищанська територіальна громада,Громада,UA5306005
1069,Великосорочинська територіальна громада,Громада,UA5306007
1070,Гадяцька територіальна громада,Громада,UA5306009
1071,Гоголівська територіальна громада,Громада,UA5306011
1072,Заводська територіальна громада,Громада,UA4806027
1073,Комишнянська територіальна громада,Громада,UA5306015
1074,Краснолуцька територіальна громада,Громада,UA0708017
1075,м. Лохвиця та Лохвицька територіальна громада,Громада,UA5306019
1076,Лютенська територіальна громада,Громада,UA5306021
1077,м. Миргород та Миргородська територіальна громада,Громада,UA5306023
1078,Петрівсько-Роменська територіальна громада,Громада,UA5306025
1079,Ромоданівська територіальна громада,Громада,UA5306027
1080,Сенчанська територіальна громада,Громада,UA5306029
1081,Сергіївська територіальна громада,Громада,UA5306031
1043,Великорублівська територіальна громада,Громада,UA5308003
1045,Драбинівська територіальна громада,Громада,UA5308007
1046,Зіньківська територіальна громада,Громада,UA5308009
1047,Карлівська територіальна громада,Громада,UA5308011
1048,Кобеляцька територіальна громада,Громада,UA5308013
1049,Коломацька територіальна громада,Громада,UA5308015
1050,Котелевська територіальна громада,Громада,UA5308017
1051,Ланнівська територіальна громада,Громада,UA5308019
1052,Мартинівська територіальна громада,Громада,UA5308021
1053,Мачухівська територіальна громада,Громада,UA5308023
1054,Машівська територіальна громада,Громада,UA5308025
1055,Михайлівська територіальна громада,Громада,UA5308027
1056,Нехворощанська територіальна громада,Громада,UA5308029
1057,Новосанжарська територіальна громада,Громада,UA5308031
1058,Новоселівська територіальна громада,Громада,UA5308033
1059,Опішнянська територіальна громада,Громада,UA5308035
1061,Решетилівська територіальна громада,Громада,UA5308039
1062,Скороходівська територіальна громада,Громада,UA5308041
1063,Терешківська територіальна громада,Громада,UA5308043
1064,Чутівська територіальна громада,Громада,UA5308045
1065,Щербанівська територіальна громада,Громада,UA5308047
1102,Антонівська територіальна громада,Громада,UA5602001
1104,Володимирецька територіальна громада,Громада,UA5602005
1105,Зарічненська територіальна громада,Громада,UA5602007
1106,Каноницька територіальна громада,Громада,UA5602009
1107,Локницька територіальна громада,Громада,UA5602011
1109,Рафалівська територіальна громада,Громада,UA5602015
1147,Бокіймівська територіальна громада,Громада,UA5604001
1148,Боремельська територіальна громада,Громада,UA5604003
1149,Варковицька територіальна громада,Громада,UA5604005
1151,Демидівська територіальна громада,Громада,UA5604009
1153,Козинська територіальна громада,Громада,UA3212007
1154,Крупецька територіальна громада,Громада,UA5604015
1155,Мирогощанська територіальна громада,Громада,UA5604017
1156,Млинівська територіальна громада,Громада,UA5604019
1157,Острожецька територіальна громада,Громада,UA5604021
1159,Повчанська територіальна громада,Громада,UA5604025
1160,Привільненська територіальна громада,Громада,UA5604027
1158,Підлозцівська територіальна громада,Громада,UA5604023
1161,Радивилівська територіальна громада,Громада,UA5604029
1162,Семидубська територіальна громада,Громада,UA5604031
1163,Смизька територіальна громада,Громада,UA5604033
1164,Тараканівська територіальна громада,Громада,UA5604035
1165,Ярославицька територіальна громада,Громада,UA5604037
1110,Бабинська територіальна громада,Громада,UA5606001
1111,Березнівська територіальна громада,Громада,UA5606003
1113,Бугринська територіальна громада,Громада,UA5606007
1112,Білокриницька територіальна громада,Громада,UA5606005
1114,Великомежиріцька територіальна громада,Громада,UA1212005
1115,Великоомелянська територіальна громада,Громада,UA5606011
1116,Головинська територіальна громада,Громада,UA5606013
1117,Городоцька територіальна громада,Громада,UA1804017
1118,Гощанська територіальна громада,Громада,UA5606017
1119,Деражненська територіальна громада,Громада,UA5606019
1120,Дядьковицька територіальна громада,Громада,UA5606021
1121,Здовбицька територіальна громада,Громада,UA5606023
1122,Здолбунівська територіальна громада,Громада,UA5606025
1123,Зорянська територіальна громада,Громада,UA5606027
1124,Клеванська територіальна громада,Громада,UA5606029
1126,Корнинська територіальна громада,Громада,UA1804023
1127,Костопільська територіальна громада,Громада,UA5606035
1128,Малинська територіальна громада,Громада,UA1806013
1129,Малолюбашанська територіальна громада,Громада,UA5606039
1131,Олександрійська територіальна громада,Громада,UA3508005
1134,Соснівська територіальна громада,Громада,UA5606049
1135,Шпанівська територіальна громада,Громада,UA5606051
1136,Березівська територіальна громада,Громада,UA5608001
1137,Вирівська територіальна громада,Громада,UA5608003
1139,Дубровицька територіальна громада,Громада,UA5608007
1140,Клесівська територіальна громада,Громада,UA5608009
1142,Немовицька територіальна громада,Громада,UA5608013
1143,Рокитнівська територіальна громада,Громада,UA5608015
1145,Старосільська територіальна громада,Громада,UA5608019
1146,Степанська територіальна громада,Громада,UA5608021
1209,Бочечківська територіальна громада,Громада,UA5902001
1211,Дубов’язівська територіальна громада,Громада,UA5902005
1212,м. Конотоп та Конотопська територіальна громада,Громада,UA5902007
1213,м. Кролевець та Кролевецька територіальна громада,Громада,UA5902009
1214,Новослобідська територіальна громада,Громада,UA5112023
1215,Попівська територіальна громада,Громада,UA5902013
1216,м. Путивль та Путивльська територіальна громада,Громада,UA5902015
1200,Боромлянська територіальна громада,Громада,UA5904001
1201,м. Велика Писарівка та Великописарівська територіальна громада,Громада,UA5904003
1202,Грунська територіальна громада,Громада,UA5904005
1203,Кириківська територіальна громада,Громада,UA5904007
1204,Комишанська територіальна громада,Громада,UA5904009
1206,м. Тростянець та Тростянецька територіальна громада,Громада,UA0504025
1207,Чернеччинська територіальна громада,Громада,UA1210015
1208,Чупахівська територіальна громада,Громада,UA5904017
1166,Андріяшівська територіальна громада,Громада,UA5906001
1167,Вільшанська територіальна громада,Громада,UA1804011
1168,Коровинська територіальна громада,Громада,UA5906005
1169,м. Липова Долина та Липоводолинська територіальна громада,Громада,UA2306005
1170,м. Недригайлів та Недригайлівська територіальна громада,Громада,UA5906009
1171,м. Ромни та Роменська територіальна громада,Громада,UA5906011
1172,Синівська територіальна громада,Громада,UA5906013
1173,Хмелівська територіальна громада,Громада,UA5906015
114,Сумський район,Район,UA5908
1174,Бездрицька територіальна громада,Громада,UA5908001
1175,м. Білопілля та Білопільська територіальна громада,Громада,UA5908003
1176,Верхньосироватська територіальна громада,Громада,UA5908005
1177,Ворожбянська територіальна громада,Громада,UA5908007
1178,м. Краснопілля та Краснопільська територіальна громада,Громада,UA0504009
1179,м. Лебедин та Лебединська територіальна громада,Громада,UA5908011
1181,Миколаївська територіальна громада,Громада,UA4610011
1180,Миколаївська територіальна громада,Громада,UA4610011
1182,Миропільська територіальна громада,Громада,UA1804031
1183,Нижньосироватська територіальна громада,Громада,UA5908019
1184,Річківська територіальна громада,Громада,UA5908021
1185,Садівська територіальна громада,Громада,UA5908023
1186,Степанівська територіальна громада,Громада,UA5114015
1188,Хотінська територіальна громада,Громада,UA5908029
1189,Юнаківська територіальна громада,Громада,UA5908031
1190,Березівська територіальна громада,Громада,UA5910001
1193,Есманьська територіальна громада,Громада,UA5910007
1194,Зноб-Новгородська територіальна громада,Громада,UA5910009
1196,м. Середина-Буда та Середино-Будська територіальна громада,Громада,UA5910013
1197,Шалигинська територіальна громада,Громада,UA5910015
1198,м. Шостка та Шосткинська територіальна громада,Громада,UA5910017
1264,Борсуківська територіальна громада,Громада,UA6102001
1265,Великодедеркальська територіальна громада,Громада,UA6102003
1266,Вишнівецька територіальна громада,Громада,UA6102005
1267,м. Кременець та Кременецька територіальна громада,Громада,UA6102007
1268,Лановецька територіальна громада,Громада,UA6102009
1269,Лопушненська територіальна громада,Громада,UA6102011
1270,Почаївська територіальна громада,Громада,UA6102013
1217,Байковецька територіальна громада,Громада,UA6104001
1218,м. Бережани та Бережанська територіальна громада,Громада,UA6104003
1220,Великоберезовицька територіальна громада,Громада,UA6104007
1221,Великобірківська територіальна громада,Громада,UA6104009
1222,Великогаївська територіальна громада,Громада,UA6104011
1223,Залозецька територіальна громада,Громада,UA6104013
1224,Збаразька територіальна громада,Громада,UA6104015
1225,Зборівська територіальна громада,Громада,UA6104017
1226,Золотниківська територіальна громада,Громада,UA6104019
1229,Козлівська територіальна громада,Громада,UA6104025
1228,Козівська територіальна громада,Громада,UA4610009
1230,Купчинецька територіальна громада,Громада,UA6104027
1231,Микулинецька територіальна громада,Громада,UA6104029
1232,Нараївська територіальна громада,Громада,UA1214027
1233,Озернянська територіальна громада,Громада,UA6104033
1234,Підволочиська територіальна громада,Громада,UA6104035
1235,Підгаєцька територіальна громада,Громада,UA6104037
1236,Підгороднянська територіальна громада,Громада,UA7410005
1237,Саранчуківська територіальна громада,Громада,UA6104041
1238,Скалатська територіальна громада,Громада,UA6104043
1239,Скориківська територіальна громада,Громада,UA6104045
1363,Білозерська територіальна громада,Громада,UA1416003
1366,Дар’ївська територіальна громада,Громада,UA6510007
113,Сарненський район,Район,UA5608
1240,Теребовлянська територіальна громада,Громада,UA6104047
1241,м. Тернопіль та Тернопільська територіальна громада,Громада,UA6104049
1227,Іванівська територіальна громада,Громада,UA6104021
121,Чортківський район,Район,UA6106
1244,Борщівська територіальна громада,Громада,UA6106005
1245,Бучацька територіальна громада,Громада,UA6106007
1242,Білобожницька територіальна громада,Громада,UA6106001
1243,Більче-Золотецька територіальна громада,Громада,UA6106003
1246,Васильковецька територіальна громада,Громада,UA6106009
1247,Гримайлівська територіальна громада,Громада,UA6106011
1248,Гусятинська територіальна громада,Громада,UA6106013
1249,Заводська територіальна громада,Громада,UA4806027
1250,Заліщицька територіальна громада,Громада,UA6106017
1251,Золотопотіцька територіальна громада,Громада,UA6106019
1253,Колиндянська територіальна громада,Громада,UA6106023
1254,Копичинецька територіальна громада,Громада,UA6106025
1255,Коропецька територіальна громада,Громада,UA6106027
1256,Мельнице-Подільська територіальна громада,Громада,UA5112019
1257,Монастириська територіальна громада,Громада,UA6106031
1258,Нагірянська територіальна громада,Громада,UA6106033
1259,Скала-Подільська територіальна громада,Громада,UA5112019
1260,Товстенська територіальна громада,Громада,UA6106037
1261,Трибухівська територіальна громада,Громада,UA6106039
1262,Хоростківська територіальна громада,Громада,UA6106041
1263,м. Чортків та Чортківська територіальна громада,Громада,UA6106043
1252,Іване-Пустенська територіальна громада,Громада,UA6106021
1324,Берестинська територіальна громада,Громада,UA6306005
1322,Зачепилівська територіальна громада,Громада,UA6306001
1323,Кегичівська територіальна громада,Громада,UA6306003
1325,Наталинська територіальна громада,Громада,UA6306007
1326,Сахновщинська територіальна громада,Громада,UA6306009
1327,Старовірівська територіальна громада,Громада,UA6306011
1300,м. Богодухів та Богодухівська територіальна громада,Громада,UA6302001
1301,Валківська територіальна громада,Громада,UA6302003
1302,Золочівська територіальна громада,Громада,UA3204009
1303,Коломацька територіальна громада,Громада,UA5308015
1296,Близнюківська територіальна громада,Громада,UA6310003
1295,Біляївська територіальна громада,Громада,UA5110003
1299,м. Златопіль та Златопільська територіальна громада,Громада,UA6310009
1297,м. Лозова та Лозівська територіальна громада,Громада,UA6310005
1298,Олексіївська територіальна громада,Громада,UA6310007
124,Харківський район,Район,UA6312
1280,Безлюдівська територіальна громада,Громада,UA6312001
1281,Височанська територіальна громада,Громада,UA6312003
1282,Вільхівська територіальна громада,Громада,UA6312005
1283,Дергачівська територіальна громада,Громада,UA6312007
1284,Липецька територіальна громада,Громада,UA6312009
1285,м. Люботин та Люботинська територіальна громада,Громада,UA6312011
1286,Малоданилівська територіальна громада,Громада,UA6312013
1287,Мереф'янська територіальна громада,Громада,UA6312015
1288,Нововодолазька територіальна громада,Громада,UA6312017
1289,Південноміська територіальна громада,Громада,UA4804025
1290,Пісочинська територіальна громада,Громада,UA6312021
1291,Роганська територіальна громада,Громада,UA6312023
1292,Солоницівська територіальна громада,Громада,UA6312025
1293,м. Харків та Харківська територіальна громада,Громада,UA6312027
1294,Циркунівська територіальна громада,Громада,UA6312029
122,Чугуївський район,Район,UA6314
1313,Вовчанська територіальна громада,Громада,UA6314001
1314,Зміївська територіальна громада,Громада,UA6314003
1315,Малинівська територіальна громада,Громада,UA2310011
1316,Новопокровська територіальна громада,Громада,UA6314007
1317,Печенізька територіальна громада,Громада,UA6314009
1320,Чкаловська територіальна громада,Громада,UA2308029
1318,Слобожанська територіальна громада,Громада,UA1202025
1319,Старосалтівська територіальна громада,Громада,UA6314013
1321,м. Чугуїв та Чугуївська територіальна громада,Громада,UA6314017
125,Ізюмський район,Район,UA6304
1272,Балаклійська територіальна громада,Громада,UA6304001
1273,Барвінківська територіальна громада,Громада,UA6304003
1274,Борівська територіальна громада,Громада,UA6304005
1275,Донецька територіальна громада,Громада,UA1408003
1276,м. Ізюм та Ізюмська територіальна громада,Громада,UA6304009
23,Херсонська область,Область,UA65
129,Бериславський район,Район,UA6502
1349,Милівська територіальна громада,Громада,UA6502013
1350,Нововоронцовська територіальна громада,Громада,UA6502015
1351,Новоолександрівська територіальна громада,Громада,UA6502017
1352,Новорайська територіальна громада,Громада,UA6502019
1353,Тягинська територіальна громада,Громада,UA6502021
1373,Генічеська територіальна громада,Громада,UA6504001
1375,Нижньосірогозька територіальна громада,Громада,UA6504005
1376,Новотроїцька територіальна громада,Громада,UA1212011
1374,Іванівська територіальна громада,Громада,UA6504003
1328,Асканія-Нова територіальна громада,Громада,UA6506001
1329,Великолепетиська територіальна громада,Громада,UA6506003
1330,Верхньорогачицька територіальна громада,Громада,UA6506005
1331,Горностаївська територіальна громада,Громада,UA6506007
1332,Зеленопідська територіальна громада,Громада,UA6506009
1333,м. Каховка та Каховська територіальна громада,Громада,UA6506011
1334,Костянтинівська територіальна громада,Громада,UA1412007
1335,Любимівська територіальна громада,Громада,UA1202005
1336,м. Нова Каховка та Новокаховська територіальна громада,Громада,UA6506011
1337,Присиваська територіальна громада,Громада,UA6506019
1338,Рубанівська територіальна громада,Громада,UA6506021
1339,Тавричанська територіальна громада,Громада,UA6506023
1340,Таврійська територіальна громада,Громада,UA2306029
1341,Хрестівська територіальна громада,Громада,UA1406013
1342,Чаплинська територіальна громада,Громада,UA6506029
130,Скадовський район,Район,UA6508
1354,Бехтерська територіальна громада,Громада,UA6508001
1355,м. Гола Пристань та Голопристанська територіальна громада,Громада,UA6508003
1356,Долматівська територіальна громада,Громада,UA6508005
1357,Каланчацька територіальна громада,Громада,UA6508007
1358,Лазурненська територіальна громада,Громада,UA6508009
1359,Мирненська територіальна громада,Громада,UA1404009
1360,Новомиколаївська територіальна громада,Громада,UA6508013
1361,Скадовська територіальна громада,Громада,UA6508015
1362,Чулаківська територіальна громада,Громада,UA6508017
132,Херсонський район,Район,UA6510
1364,Великокопанівська територіальна громада,Громада,UA6510003
1365,Виноградівська територіальна громада,Громада,UA6510005
1367,Музиківська територіальна громада,Громада,UA6510009
1368,Олешківська територіальна громада,Громада,UA6510011
1369,Станіславська територіальна громада,Громада,UA4610021
1370,м. Херсон та Херсонська територіальна громада,Громада,UA6510015
1371,Чорнобаївська територіальна громада,Громада,UA6510017
31,м. Київ,Місто з спеціальним статусом,UA80
1372,Ювілейна територіальна громада,Громада,UA6510019
3,Хмельницька область,Область,UA68
135,Кам'янець-Подільський район,Район,UA6802
1422,Гуківська територіальна громада,Громада,UA6802001
1423,Гуменецька територіальна громада,Громада,UA6802003
1424,Дунаєвецька територіальна громада,Громада,UA6802005
1425,Жванецька територіальна громада,Громада,UA6802007
1426,Закупненська територіальна громада,Громада,UA6802009
1433,Слобідсько-Кульчієвецьк територіальна громада,Громада,UA6802023
1434,Смотрицька територіальна громада,Громада,UA6802025
1435,Староушицька територіальна громада,Громада,UA6802027
1436,Чемеровецька територіальна громада,Громада,UA6802029
134,Хмельницький район,Район,UA6804
1377,Антонінська територіальна громада,Громада,UA6804001
1380,Вовковинецька територіальна громада,Громада,UA6804007
1381,Волочиська територіальна громада,Громада,UA6804009
1378,Війтовецька територіальна громада,Громада,UA6804003
1379,Віньковецька територіальна громада,Громада,UA6804005
1382,Гвардійська територіальна громада,Громада,UA6804011
1383,Городоцька територіальна громада,Громада,UA1804017
1384,Деражнянська територіальна громада,Громада,UA6804015
1385,Заслучненська територіальна громада,Громада,UA6804017
1386,Зіньківська територіальна громада,Громада,UA5308009
1387,Красилівська територіальна громада,Громада,UA6804021
1388,Летичівська територіальна громада,Громада,UA6804023
1389,Лісовогринівецька територіальна громада,Громада,UA6804025
1390,Меджибізька територіальна громада,Громада,UA6804027
1391,Миролюбненська територіальна громада,Громада,UA6804029
1392,Наркевицька територіальна громада,Громада,UA6804031
1393,Розсошанська територіальна громада,Громада,UA6804033
1394,Сатанівська територіальна громада,Громада,UA6804035
1395,Солобковецька територіальна громада,Громада,UA6804037
1396,м. Старокостянтинів та Старокостянтинівська територіальна громада,Громада,UA1412007
1397,Староостропільська територіальна громада,Громада,UA6804041
1398,Старосинявська територіальна громада,Громада,UA6804043
1399,Теофіпольська територіальна громада,Громада,UA6804045
1400,м. Хмельницький та Хмельницька територіальна громада,Громада,UA6804047
1401,Чорноострівська територіальна громада,Громада,UA6804049
1402,Щиборівська територіальна громада,Громада,UA6304005
1403,Ярмолинецька територіальна громада,Громада,UA6804053
136,Шепетівський район,Район,UA6806
1404,Берездівська територіальна громада,Громада,UA6806001
1405,Білогірська територіальна громада,Громада,UA6806003
1406,Ганнопільська територіальна громада,Громада,UA6806005
1407,Грицівська територіальна громада,Громада,UA6806007
1409,Крупецька територіальна громада,Громада,UA5604015
1410,Ленковецька територіальна громада,Громада,UA6806013
1411,Михайлюцька територіальна громада,Громада,UA6806015
1412,м. Нетішин та Нетішинська територіальна громада,Громада,UA6806017
1413,Плужненська територіальна громада,Громада,UA6806019
1414,Полонська територіальна громада,Громада,UA6806021
1415,Понінківська територіальна громада,Громада,UA6806023
1416,Сахновецька територіальна громада,Громада,UA6806025
1417,м. Славута та Славутська територіальна громада,Громада,UA6806027
1418,Судилківська територіальна громада,Громада,UA6806029
1419,Улашанівська територіальна громада,Громада,UA6806031
24,Черкаська область,Область,UA71
150,Звенигородський район,Район,UA7102
1476,м. Ватутіне та Ватутінська територіальна громада,Громада,UA7102003
1599,Срібнянська територіальна громада,Громада,UA7408015
131,Каховський район,Район,UA6506
1478,Вільшанська територіальна громада,Громада,UA1804011
1481,Звенигородська територіальна громада,Громада,UA7102013
1482,Катеринопільська територіальна громада,Громада,UA6104049
1483,Лип'янська територіальна громада,Громада,UA7102017
1484,Лисянська територіальна громада,Громада,UA7102019
1485,Матусівська територіальна громада,Громада,UA7102021
1486,Мокрокалигірська територіальна громада,Громада,UA3204005
1487,Селищенська територіальна громада,Громада,UA7102025
1488,Стеблівська територіальна громада,Громада,UA7102027
1489,м. Тальне та Тальнівська територіальна громада,Громада,UA7102029
1490,Шевченківська територіальна громада,Громада,UA4806037
1491,м. Шпола та Шполянська територіальна громада,Громада,UA2104021
1480,Єрківська територіальна громада,Громада,UA7102011
153,Золотоніський район,Район,UA7104
1492,Великохутірська територіальна громада,Громада,UA7104001
1493,Вознесенська територіальна громада,Громада,UA4804007
1494,Гельмязівська територіальна громада,Громада,UA7104005
1495,Драбівська територіальна громада,Громада,UA7104007
1496,Золотоніська територіальна громада,Громада,UA7104009
1499,Новодмитрівська територіальна громада,Громада,UA7104015
1500,Піщанська територіальна громада,Громада,UA1210011
1501,Чорнобаївська територіальна громада,Громада,UA6510017
1502,Шрамківська територіальна громада,Громада,UA7104021
1498,Іркліївська територіальна громада,Громада,UA7104013
151,Уманський район,Район,UA7106
1437,Бабанська територіальна громада,Громада,UA7106001
1438,Баштечківська територіальна громада,Громада,UA7106003
1439,Буцька територіальна громада,Громада,UA7106005
1440,Дмитрушківська територіальна громада,Громада,UA7106007
1441,Жашківська територіальна громада,Громада,UA7106009
1443,Ладижинська територіальна громада,Громада,UA0504013
1444,Маньківська територіальна громада,Громада,UA7106015
1445,м. Монастирище та Монастрищенська територіальна громада,Громада,UA7106017
1446,Паланська територіальна громада,Громада,UA7106019
1447,Уманська територіальна громада,Громада,UA7106021
1448,м. Христинівка та Христинівська територіальна громада,Громада,UA7106023
1442,Іваньківська територіальна громада,Громада,UA7106011
152,Черкаський район,Район,UA7108
1449,Балаклеївська територіальна громада,Громада,UA7108001
1450,Березняківська територіальна громада,Громада,UA7108003
1452,Бобрицька територіальна громада,Громада,UA7108007
1453,Будищенська територіальна громада,Громада,UA7108009
1451,Білозірська територіальна громада,Громада,UA7108005
1454,Городищенська територіальна громада,Громада,UA0708005
1455,Кам’янська територіальна громада,Громада,UA1204015
1456,Канівська територіальна громада,Громада,UA7108015
1457,м. Корсунь-Шевченківський та Корсунь-Шевченківська територіальна громада,Громада,UA4806037
1458,Леськівська територіальна громада,Громада,UA7108019
1459,Ліплявська територіальна громада,Громада,UA7108021
1460,Медведівська територіальна громада,Громада,UA7108023
1461,Михайлівська територіальна громада,Громада,UA7108025
1462,Мліївська територіальна громада,Громада,UA7108027
1472,Червонослобідська територіальна громада,Громада,UA5112023
1473,м. Черкаси та Черкаська територіальна громада,Громада,UA1210013
1474,м. Чигирин та Чигиринська територіальна громада,Громада,UA7108051
26,Чернівецька область,Область,UA73
138,Вижницький район,Район,UA7302
1503,Банилівська територіальна громада,Громада,UA7302001
1504,Берегометська територіальна громада,Громада,UA7302003
251,Смідинська територіальна громада,Громада,UA0706039
205,Томашпільська територіальна громада,Громада,UA0510013
201,Городківська територіальна громада,Громада,UA0510005
202,Крижопільська територіальна громада,Громада,UA0510007
203,Піщанська територіальна громада,Громада,UA1210011
204,Студенянська територіальна громада,Громада,UA0510011
206,Тульчинська територіальна громада,Громада,UA0510015
207,Шпиківська територіальна громада,Громада,UA0510017
208,Глуховецька територіальна громада,Громада,UA0512001
209,Жданівська територіальна громада,Громада,UA0512003
212,м. Козятин та Козятинська територіальна громада,Громада,UA0512009
213,Махнівська територіальна громада,Громада,UA0512011
355,Томаківська територіальна громада,Громада,UA1208013
356,Червоногригорівська територіальна громада,Громада,UA1208015
286,Богданівська територіальна громада,Громада,UA1212001
287,Вербківська територіальна громада,Громада,UA1212003
288,Межиріцька територіальна громада,Громада,UA1212005
289,м. Павлоград та Павлоградська територіальна громада,Громада,UA1212007
413,Старобешівська селищна громада,Громада,UA1410009
371,Андріївська територіальна громада,Громада,UA1412001
372,Дружківська територіальна громада,Громада,UA1412003
374,Костянтинівська територіальна громада,Громада,UA1412007
376,Лиманська територіальна громада,Громада,UA1412011
38,Володимирський район,Район,UA0702
41,Камінь-Каширський район,Район,UA0704
40,Ковельський район,Район,UA0706
39,Луцький район,Район,UA0708
30,м. Севастополь,Місто з спеціальним статусом,UA85
8,Волинська область,Область,UA07
29,Автономна Республіка Крим,Область,UA01
255,м. Володимир та Володимирська територіальна громада,Громада,UA0702001
256,Затурцівська територіальна громада,Громада,UA0702003
257,Зимнівська територіальна громада,Громада,UA0702005
259,Литовезька територіальна громада,Громада,UA0702009
260,Локачинська територіальна громада,Громада,UA0702011
261,м. Нововолинськ та Нововолинська територіальна громада,Громада,UA0702013
262,Оваднівська територіальна громада,Громада,UA0702015
263,Павлівська територіальна громада,Громада,UA0702017
264,Поромівська територіальна громада,Громада,UA0702019
265,Устилузька територіальна громада,Громада,UA0702021
258,Іваничівська територіальна громада,Громада,UA0702007
266,Камінь-Каширська територіальна громада,Громада,UA0704001
267,Любешівська територіальна громада,Громада,UA0704003
268,Маневицька територіальна громада,Громада,UA0704005
233,Велицька територіальна громада,Громада,UA0706003
241,м. Ковель та Ковельська територіальна громада,Громада,UA0706019
245,м. Любомиль та Любомльська територіальна громада,Громада,UA0706027
227,Олицька територіальна громада,Громада,UA0708021
4,Вінницька область,Область,UA05
36,Вінницький район,Район,UA0502
155,м. Вінниця та Вінницька територіальна громада,Громада,UA0502003
37,Гайсинський район,Район,UA0504
35,Жмеринський район,Район,UA0506
177,Барська територіальна громада,Громада,UA0506001
179,м. Жмеринка та Жмеринська територіальна громада,Громада,UA0506005
33,Могилів-Подільський район,Район,UA0508
9,Дніпропетровська область,Область,UA12
44,Дніпровський район,Район,UA1202
42,Кам'янський район,Район,UA1204
298,м. Жовті Води та Жовтоводська територіальна громада,Громада,UA1204011
300,м. Кам’янське та Кам’янська територіальна громада,Громада,UA1204015
46,Криворізький район,Район,UA1206
279,м. Кривий Ріг та Криворізька територіальна громада,Громада,UA1206017
47,Нікопольський район,Район,UA1208
352,Першотравневська територіальна громада,Громада,UA1208007
45,Павлоградський район,Район,UA1212
292,Юр’ївська територіальна громада,Громада,UA4804017
43,Самарівський район,Район,UA1210
48,Синельниківський район,Район,UA1214
318,Раївська територіальна громада,Громада,UA1214027
315,м. Шахтарськ та Шахтарська територіальна громада,Громада,UA1406017
310,Іларіонівська територіальна громада,Громада,UA1212009
28,Донецька область,Область,UA14
54,Бахмутський район,Район,UA1402
55,Волноваський район,Район,UA1404
51,Горлівський район,Район,UA1406
53,Донецький район,Район,UA1408
49,Кальміуський район,Район,UA1410
50,Краматорський район,Район,UA1412
570,Новомиколаївська територіальна громада,Громада,UA2306019
571,Новоолександрівська територіальна громада,Громада,UA2306021
572,Павлівська територіальна громада,Громада,UA0702017
573,Петро-Михайлівська територіальна громада,Громада,UA2306025
52,Маріупольський район,Район,UA1414
401,Нікольська територіальна громада,Громада,UA1208005
56,Покровський район,Район,UA1416
10,Житомирська область,Область,UA18
57,Бердичівський район,Район,UA1802
59,Житомирський район,Район,UA1804
439,Волицька територіальна громада,Громада,UA0708021
443,Квітнева територіальна громада,Громада,UA1804021
740,Студениківська територіальна громада,Громада,UA3204015
482,м. Малин та Малинська територіальна громада,Громада,UA1806013
484,Овруцька територіальна громада,Громада,UA1806017
485,Олевська територіальна громада,Громада,UA1806019
11,Закарпатська область,Область,UA21
60,Звягельський район,Район,UA1808
61,Берегівський район,Район,UA2102
475,Ярунська територіальна громада,Громада,UA1808023
504,м. Берегове та Берегівська територіальна громада,Громада,UA2102003
507,Вилоцька територіальна громада,Громада,UA2102009
65,Мукачівський район,Район,UA2104
547,м. Мукачево та Мукачівська територіальна громада,Громада,UA2104015
63,Рахівський район,Район,UA2106
538,м. Рахів та Рахівська територіальна громада,Громада,UA2106005
520,м. Тячів та Тячівська територіальна громада,Громада,UA2108015
66,Ужгородський район,Район,UA2110
502,м. Чоп та Чопська територіальна громада,Громада,UA2110027
62,Хустський район,Район,UA2112
532,м. Міжгір'я та Міжгірська територіальна громада,Громада,UA2112019
535,м. Хуст та Хустська територіальна громада,Громада,UA2112025
529,м. Іршава та Іршавська територіальна громада,Громада,UA2112013
12,Запорізька область,Область,UA23
147,Бердянський район,Район,UA2302
555,м. Бердянськ та Бердянська територіальна громада,Громада,UA2302005
146,Василівський район,Район,UA2304
149,Запорізький район,Район,UA2306
148,Мелітопольський район,Район,UA2308
614,Плодородненська територіальна громада,Громада,UA5106009
145,Пологівський район,Район,UA2310
591,м. Токмак та Токмацька територіальна громада,Громада,UA2310027
14,Київська область,Область,UA32
78,Бориспільський район,Район,UA3204
735,Гірська територіальна громада,Громада,UA3204005
79,Броварський район,Район,UA3206
684,м. Бровари та Броварська територіальна громада,Громада,UA3206005
75,Бучанський район,Район,UA3208
702,м. Буча та Бучанська територіальна громада,Громада,UA3208007
706,м. Ірпінь та Ірпінська територіальна громада,Громада,UA3208015
73,Білоцерківський район,Район,UA3202
722,Узинська територіальна громада,Громада,UA3202023
74,Вишгородський район,Район,UA3210
749,Поліська територіальна громада,Громада,UA3210011
76,Обухівський район,Район,UA3212
729,м. Обухів та Обухівська територіальна громада,Громада,UA1202017
730,м. Ржищів та Ржищівська територіальна громада,Громада,UA3212013
77,Фастівський район,Район,UA3214
691,Боярська територіальна громада,Громада,UA3214003
697,м. Фастів та Фастівська територіальна громада,Громада,UA3214015
15,Кіровоградська область,Область,UA35
83,Новоукраїнський район,Район,UA3506
790,Злинська територіальна громада,Громада,UA3506007
1909,м. Кадіївка та Кадіївська територіальна громада,Громада,UA4402005
1804,Довжанський район,Район,UA4404
1908,м. Довжанськ та Довжанська територіальна громада,Громада,UA2112007
1801,Луганський район,Район,UA4406
1901,м. Луганськ та Луганська територіальна громада,Громада,UA4406001
1904,м. Молодогвардійськ та Молодогвардійська територіальна громада,Громада,UA0112009
1802,Ровеньківський район,Район,UA4408
85,Сватівський район,Район,UA4410
80,Олександрійський район,Район,UA3508
86,Старобільський район,Район,UA4414
804,Новопсковська територіальна громада,Громада,UA4414009
16,Луганська область,Область,UA44
1903,м. Алчевськ та Алчевська територіальна громада,Громада,UA4402001
84,Сіверськодонецький район,Район,UA4412
815,Гірська територіальна громада,Громада,UA3204005
816,м. Кремінна та Кремінська територіальна громада,Громада,UA4412003
27,Львівська область,Область,UA46
91,Дрогобицький район,Район,UA4602
94,Золочівський район,Район,UA4604
873,Буська територіальна громада,Громада,UA4604003
90,Львівський район,Район,UA4606
833,Бібрська територіальна громада,Громада,UA4606001
845,м. Львів та Львівська територіальна громада,Громада,UA4606025
855,Щирецька територіальна громада,Громада,UA4606045
88,Самбірський район,Район,UA4608
862,м. Самбір та Самбірська територіальна громада,Громада,UA4608013
89,Стрийський район,Район,UA4610
885,м. Моршин та Моршинська територіальна громада,Громада,UA4610013
92,Шептицький район,Район,UA4612
826,Белзька територіальна громада,Громада,UA4612001
832,м. Шептицький та Шептицька територіальна громада,Громада,UA4612013
93,Яворівський район,Район,UA4614
17,Миколаївська область,Область,UA48
96,Баштанський район,Район,UA4802
907,м. Баштанка та Баштанська територіальна громада,Громада,UA4802001
95,Вознесенський район,Район,UA4804
938,Братська територіальна громада,Громада,UA4804001
939,Бузька територіальна громада,Громада,UA4804003
950,м. Южноукраїнськ та Южноукраїнська територіальна громада,Громада,UA1214037
98,Миколаївський район,Район,UA4806
929,м. Нова-Одеса та Новоодеська територіальна громада,Громада,UA5110027
18,Одеська область,Область,UA51
100,Березівський район,Район,UA5102
985,Андрієво-Іванівська територіальна громада,Громада,UA5102009
105,Болградський район,Район,UA5106
1001,Арцизька територіальна громада,Громада,UA5106001
1003,Бородінська територіальна громада,Громада,UA3208003
1006,Криниченська територіальна громада,Громада,UA5106011
1009,Тарутинська територіальна громада,Громада,UA5106017
102,Білгород-Дністровський район,Район,UA5104
104,Одеський район,Район,UA5110
1085,Градизька територіальна громада,Громада,UA5302005
99,Подільський район,Район,UA5112
974,Балтська територіальна громада,Громада,UA5112003
103,Роздільнянський район,Район,UA5114
101,Ізмаїльський район,Район,UA5108
19,Полтавська область,Область,UA53
107,Кременчуцький район,Район,UA5302
106,Лубенський район,Район,UA5304
1096,м. Лубни та Лубенська територіальна громада,Громада,UA5304003
1098,Оржицька територіальна громада,Громада,UA5304007
108,Миргородський район,Район,UA5306
1082,Шишацька територіальна громада,Громада,UA5306033
1044,Диканьська територіальна громада,Громада,UA5308005
109,Полтавський район,Район,UA5308
1042,Білицька територіальна громада,Громада,UA5308001
1060,м. Полтава та Полтавська територіальна громада,Громада,UA5308037
5,Рівненська область,Область,UA56
110,Вараський район,Район,UA5602
1103,м. Вараш та Вараська територіальна громада,Громада,UA5602003
1108,Полицька територіальна громада,Громада,UA5602013
111,Дубенський район,Район,UA5604
1150,Вербська територіальна громада,Громада,UA5604007
1152,м. Дубно та Дубенська територіальна громада,Громада,UA5604011
112,Рівненський район,Район,UA5606
1125,Корецька територіальна громада,Громада,UA5606031
1130,Мізоцька територіальна громада,Громада,UA5606041
1132,м. Острог та Острозька територіальна громада,Громада,UA5606045
1133,м. Рівне та Рівненська територіальна громада,Громада,UA0706033
1138,Висоцька територіальна громада,Громада,UA5608005
1141,Миляцька територіальна громада,Громада,UA5608011
1144,м. Сарни та Сарненська територіальна громада,Громада,UA5608017
20,Сумська область,Область,UA59
117,Конотопський район,Район,UA5902
1210,м. Буринь та Буринська територіальна громада,Громада,UA5902003
118,Охтирський район,Район,UA5904
1205,м. Охтирка та Охтирська територіальна громада,Громада,UA5904011
116,Роменський район,Район,UA5906
115,Шосткинський район,Район,UA5910
1191,м. Глухів та Глухівська територіальна громада,Громада,UA5910003
1192,Дружбівська територіальна громада,Громада,UA1412003
1187,м. Суми та Сумська територіальна громада,Громада,UA5908027
1195,Свеська територіальна громада,Громада,UA5910011
1199,м. Ямпіль та Ямпільська територіальна громада,Громада,UA0508011
21,Тернопільська область,Область,UA61
120,Кременецький район,Район,UA6102
1271,Шумська територіальна громада,Громада,UA6102015
119,Тернопільський район,Район,UA6104
1219,Білецька територіальна громада,Громада,UA6104005
22,Харківська область,Область,UA63
127,Берестинський район,Район,UA6306
126,Богодухівський район,Район,UA6302
1304,Краснокутська територіальна громада,Громада,UA2610005
123,Куп'янський район,Район,UA6308
1305,Великобурлуцька територіальна громада,Громада,UA0708017
1306,Вільхуватська територіальна громада,Громада,UA6308003
1307,Дворічанська територіальна громада,Громада,UA6308005
1309,м. Куп'янськ та Куп'янська територіальна громада,Громада,UA6308009
1310,Курилівська територіальна громада,Громада,UA6308011
1308,Кіндрашівська територіальна громада,Громада,UA6308007
1311,Петропавлівська територіальна громада,Громада,UA0702017
1312,Шевченківська територіальна громада,Громада,UA4806037
128,Лозівський район,Район,UA6310
1277,Куньєвська територіальна громада,Громада,UA6304011
1278,Оскільська територіальна громада,Громада,UA6304013
1279,Савинська територіальна громада,Громада,UA6304015
1343,Бериславська територіальна громада,Громада,UA4610021
1345,Великоолександрівська територіальна громада,Громада,UA6502005
1346,Високопільська територіальна громада,Громада,UA6502007
1347,Калинівська територіальна громада,Громада,UA6502009
1348,Кочубеївська територіальна громада,Громада,UA6502011
133,Генічеський район,Район,UA6504
1427,м. Кам'янець-Подільський та Кам'янець-Подільська територіальна громада,Громада,UA5112019
1428,Китайгородська територіальна громада,Громада,UA1202003
1429,Маківська територіальна громада,Громада,UA6802015
1430,Новодунаєвецька територіальна громада,Громада,UA6802005
1431,Новоушицька територіальна громада,Громада,UA6802019
1432,Орининська територіальна громада,Громада,UA6802021
1420,м. Шепетівка та Шепетівська територіальна громада,Громада,UA6806033
1421,Ямпільська територіальна громада,Громада,UA0508011
1408,Ізяславська територіальна громада,Громада,UA4610021
1475,Бужанська територіальна громада,Громада,UA7102001
1477,Виноградська територіальна громада,Громада,UA7102005
1479,Водяницька територіальна громада,Громада,UA7102009
1464,Набутівська територіальна громада,Громада,UA7108031
1465,Ротмістрівська територіальна громада,Громада,UA7108033
1466,Русько-Полянська територіальна громада,Громада,UA2104021
1463,Мошнівська територіальна громада,Громада,UA7108029
1467,Сагунівська територіальна громада,Громада,UA7108037
1468,Смілянська територіальна громада,Громада,UA7108039
1469,Степанецька територіальна громада,Громада,UA7108041
1470,Степанківська територіальна громада,Громада,UA7108043
1471,Тернівська територіальна громада,Громада,UA1212009
142,Ніжинський район,Район,UA7404
1505,Брусницька територіальна громада,Громада,UA7302005
1506,Вашківецька територіальна громада,Громада,UA7302007
1507,Вижницька територіальна громада,Громада,UA7302009
1508,Конятинська територіальна громада,Громада,UA7302011
1509,Путильська територіальна громада,Громада,UA7302013
1510,Селятинська територіальна громада,Громада,UA7302015
1511,Усть-Путильська територіальна громада,Громада,UA7302013
139,Дністровський район,Район,UA7304
1545,Вашковецька територіальна громада,Громада,UA7304001
1546,Кельменецька територіальна громада,Громада,UA7304003
1547,Клішковецька територіальна громада,Громада,UA7304005
1600,Сухополов'янська територіальна громада,Громада,UA7408017
1601,Талалаївська територіальна громада,Громада,UA7404033
1602,Яблунівська територіальна громада,Громада,UA2610009
68,Івано-Франківський район,Район,UA2604
1548,Лівинецька територіальна громада,Громада,UA7304007
1549,Мамалигівська територіальна громада,Громада,UA7304009
1550,Недобоївська територіальна громада,Громада,UA7304011
1551,м. Новодністровськ та Новодністровська територіальна громада,Громада,UA7304013
1552,Рукшинська територіальна громада,Громада,UA7304015
1553,Сокирянська територіальна громада,Громада,UA7304017
1554,Хотинська територіальна громада,Громада,UA7304019
137,Чернівецький район,Район,UA7306
1512,Боянська територіальна громада,Громада,UA7306001
1513,Ванчиковецька територіальна громада,Громада,UA7306003
1514,Великокучурівська територіальна громада,Громада,UA7306005
1515,Веренчацька територіальна громада,Громада,UA7306007
1517,Волоківська територіальна громада,Громада,UA7306011
1516,Вікнянська територіальна громада,Громада,UA7306009
1518,Герцаївська територіальна громада,Громада,UA7306013
1519,Глибоцька територіальна громада,Громада,UA7306015
1520,Горішньошеровецька територіальна громада,Громада,UA7306017
1521,Заставнівська територіальна громада,Громада,UA7306019
1522,Кадубовецька територіальна громада,Громада,UA2604013
1523,Кам'янецька територіальна громада,Громада,UA3504023
1524,Кам'янська територіальна громада,Громада,UA1204015
1525,Карапачівська територіальна громада,Громада,UA7306027
1527,Кострижівська територіальна громада,Громада,UA7306031
1528,Красноїльська територіальна громада,Громада,UA7306033
1526,Кіцманська територіальна громада,Громада,UA7306029
1529,Магальська територіальна громада,Громада,UA7306035
1530,Мамаївська територіальна громада,Громада,UA7306037
1531,Неполоковецька територіальна громада,Громада,UA7306039
1532,Новоселицька територіальна громада,Громада,UA7306041
1533,Острицька територіальна громада,Громада,UA7306043
1534,Петровецька територіальна громада,Громада,UA7306045
1535,Ставчанська територіальна громада,Громада,UA7306047
1536,Сторожинецька територіальна громада,Громада,UA7306049
1537,Сучевенська територіальна громада,Громада,UA7306051
1538,Тарашанська територіальна громада,Громада,UA7306053
1539,Тереблеченська територіальна громада,Громада,UA7306055
1540,Топорівська територіальна громада,Громада,UA7306057
1541,Чагорська територіальна громада,Громада,UA7306059
1542,м. Чернівці та Чернівецька територіальна громада,Громада,UA0508009
1543,Чудейська територіальна громада,Громада,UA7306063
1544,Юрковецька територіальна громада,Громада,UA7306065
25,Чернігівська область,Область,UA74
144,Корюківський район,Район,UA7402
1607,Корюківська територіальна громада,Громада,UA7402001
1608,Менська територіальна громада,Громада,UA7402003
1609,Сновська територіальна громада,Громада,UA7402005
1610,Сосницька територіальна громада,Громада,UA7402007
1611,Холминська територіальна громада,Громада,UA7402009
141,Новгород-Сіверський район,Район,UA7406
1603,Коропська територіальна громада,Громада,UA7406001
1604,м. Новгород-Сіверський та Новгород-Сіверська територіальна громада,Громада,UA1402007
1605,Понорницька територіальна громада,Громада,UA7406005
1606,Семенівська територіальна громада,Громада,UA1802015
1555,Батуринська територіальна громада,Громада,UA7404001
1556,Бахмацька територіальна громада,Громада,UA7404003
1557,Бобровицька територіальна громада,Громада,UA7404005
1558,Борзнянська територіальна громада,Громада,UA7404007
1559,Вертіївська територіальна громада,Громада,UA7404009
1560,Височанська територіальна громада,Громада,UA6312003
1561,Дмитрівська територіальна громада,Громада,UA7404013
1562,Комарівська територіальна громада,Громада,UA7404015
1563,Крутівська територіальна громада,Громада,UA7404017
1564,Лосинівська територіальна громада,Громада,UA5906013
1565,Макіївська територіальна громада,Громада,UA1408007
1566,Мринська територіальна громада,Громада,UA7404023
1568,Новобасанська територіальна громада,Громада,UA7404027
1569,Носівська територіальна громада,Громада,UA7404029
1567,м. Ніжин та Ніжинська територіальна громада,Громада,UA7404025
1570,Плисківська територіальна громада,Громада,UA7404031
1571,Талалаївська територіальна громада,Громада,UA7404033
143,Прилуцький район,Район,UA7408
1592,Варвинська територіальна громада,Громада,UA7408001
1594,Ладанська територіальна громада,Громада,UA7408005
1595,Линовицька територіальна громада,Громада,UA2606019
1596,Малодівицька територіальна громада,Громада,UA7408009
1597,Парафіївська територіальна громада,Громада,UA7408011
1598,м. Прилуки та Прилуцька територіальна громада,Громада,UA0708017
1593,Ічнянська територіальна громада,Громада,UA7408003
140,Чернігівський район,Район,UA7410
1572,Березнянська територіальна громада,Громада,UA7410001
1573,Гончарівська територіальна громада,Громада,UA7410003
1574,Городнянська територіальна громада,Громада,UA7410005
1575,Деснянська територіальна громада,Громада,UA7410007
1576,Добрянська територіальна громада,Громада,UA7410009
1579,Киселівська територіальна громада,Громада,UA7410015
1578,Киїнська територіальна громада,Громада,UA7410013
1582,Куликівська територіальна громада,Громада,UA4606023
1580,Кіптівська територіальна громада,Громада,UA7410017
1583,Любецька територіальна громада,Громада,UA7410023
1584,Михайло-Коцюбинська територіальна громада,Громада,UA3208017
1585,Новобілоуська територіальна громада,Громада,UA7410027
1586,Олишівська територіальна громада,Громада,UA7410029
1587,Остерська територіальна громада,Громада,UA7410031
1588,Ріпкинська територіальна громада,Громада,UA7410033
1589,Седнівська територіальна громада,Громада,UA7410035
1590,Тупичівська територіальна громада,Громада,UA7410037
1591,м. Чернігів та Чернігівська територіальна громада,Громада,UA2302015
1577,Іванівська територіальна громада,Громада,UA7410011
13,Івано-Франківська область,Область,UA26
67,Верховинський район,Район,UA2602
620,Білоберізька територіальна громада,Громада,UA2602001
621,Верховинська територіальна громада,Громада,UA2602003
622,Зеленська територіальна громада,Громада,UA2602005
71,Калуський район,Район,UA2606
643,м. Болехів та Болехівська територіальна громада,Громада,UA2606001
644,Брошнів-Осадська територіальна громада,Громада,UA2606003
645,Верхнянська територіальна громада,Громада,UA2606005
646,Вигодська територіальна громада,Громада,UA2606007
647,Витвицька територіальна громада,Громада,UA2606009
648,Войнилівська територіальна громада,Громада,UA2606011
649,м. Долина та Долинська територіальна громада,Громада,UA2306005
650,Дубівська територіальна громада,Громада,UA0706013
651,м. Калуш та Калуська територіальна громада,Громада,UA2606017
652,Новицька територіальна громада,Громада,UA2606019
653,Перегінська територіальна громада,Громада,UA2606021
654,Рожнятівська територіальна громада,Громада,UA2606023
655,Спаська територіальна громада,Громада,UA2606025
70,Коломийський район,Район,UA2608
664,Гвіздецька територіальна громада,Громада,UA2608001
665,Городенківська територіальна громада,Громада,UA2608003
666,Заболотівська територіальна громада,Громада,UA2608005
667,м. Коломия та Коломийська територіальна громада,Громада,UA2608007
668,Коршівська територіальна громада,Громада,UA2608009
669,Матеївецька територіальна громада,Громада,UA2608011
670,Нижньовербізька територіальна громада,Громада,UA2608013
671,Отинійська територіальна громада,Громада,UA2608015
674,П'ядицька територіальна громада,Громада,UA2608021
672,Печеніжинська територіальна громада,Громада,UA2608017
673,Підгайчиківська територіальна громада,Громада,UA2608019
675,Снятинська територіальна громада,Громада,UA2608023
676,Чернелицька територіальна громада,Громада,UA2608025
69,Косівський район,Район,UA2610
678,Космацька територіальна громада,Громада,UA2610003
677,Косівська територіальна громада,Громада,UA2610001
679,Кутська територіальна громада,Громада,UA2610005
680,Рожнівська територіальна громада,Громада,UA2610007
681,Яблунівська територіальна громада,Громада,UA2610009
72,Надвірнянський район,Район,UA2612
656,Ворохтянська територіальна громада,Громада,UA2612001
657,Делятинська територіальна громада,Громада,UA2612003
658,Ланчинська територіальна громада,Громада,UA2612005
659,м. Надвірна та Надвірнянська територіальна громада,Громада,UA2612007
660,Пасічнянська територіальна громада,Громада,UA2612009
661,Переріслянська територіальна громада,Громада,UA2612011
386,Сіверська територіальна громада,Громада,UA1402007
662,Поляницька територіальна громада,Громада,UA2612013
663,м. Яремче та Яремчанська територіальна громада,Громада,UA2612015
624,Богородчанська територіальна громада,Громада,UA2604003
625,Букачівська територіальна громада,Громада,UA2604005
626,м. Бурштин та Бурштинська територіальна громада,Громада,UA2604007
623,Більшівцівська територіальна громада,Громада,UA2604001
627,Галицька територіальна громада,Громада,UA2604009
628,Дзвиняцька територіальна громада,Громада,UA2604011
629,Дубовецька територіальна громада,Громада,UA2604013
631,Загвіздянська територіальна громада,Громада,UA2604017
633,Лисецька територіальна громада,Громада,UA2604021
634,Обертинська територіальна громада,Громада,UA2604023
635,Олешанська територіальна громада,Громада,UA2604025
636,Рогатинська територіальна громада,Громада,UA2604027
637,Солотвинська територіальна громада,Громада,UA2108011
638,Старобогородчанська територіальна громада,Громада,UA2604003
639,Тисменицька територіальна громада,Громада,UA2604033
640,Тлумацька територіальна громада,Громада,UA2604035
641,Угринівська територіальна громада,Громада,UA2604037
642,Ямницька територіальна громада,Громада,UA2604039
630,Єзупільська територіальна громада,Громада,UA2604015
632,м. Івано-Франківськ та Івано-Франківська територіальна громада,Громада,UA2604019
596,Водянська територіальна громада,Громада,UA2304007
1344,Борозенська територіальна громада,Громада,UA6502003
1497,Зорівська територіальна громада,Громада,UA7104011
243,Луківська територіальна громада,Громада,UA0706023
269,Прилісненська територіальна громада,Громада,UA0704007
270,Сошичненська територіальна громада,Громада,UA0704009
232,Велимченська територіальна громада,Громада,UA0706001
234,Вишнівська територіальна громада,Громада,UA0706005
235,Голобська територіальна громада,Громада,UA0706007
236,Головненська територіальна громада,Громада,UA0706009
237,Дубечненська територіальна громада,Громада,UA0706011
238,Дубівська територіальна громада,Громада,UA0706013
239,Заболоттівська територіальна громада,Громада,UA0706015
240,Забродівська територіальна громада,Громада,UA0706017
242,Колодяжненська територіальна громада,Громада,UA0706021
244,Люблинецька територіальна громада,Громада,UA0706025
246,Поворська територіальна громада,Громада,UA0706029
247,Ратнівська територіальна громада,Громада,UA0706031
248,Рівненська територіальна громада,Громада,UA0706033
249,Самарівська територіальна громада,Громада,UA0706035
1581,Козелецька територіальна громада,Громада,UA7410019
